{"cameraMode":{"drawMode":0,"name":"Shaded","section":"Shading Mode"},"sceneLighting":false,"audioPlay":false,"sceneViewState":{"m_AlwaysRefresh":false,"showFog":true,"showSkybox":false,"showFlares":true,"showImageEffects":true,"showParticleSystems":true,"showVisualEffectGraphs":true,"m_FxEnabled":true},"in2DMode":false,"pivot":{"x":87.23999786376953,"y":0.040000006556510928,"z":-23.010000228881837},"rotation":{"x":0.32272011041641238,"y":0.002969994442537427,"z":0.004270209465175867,"w":0.9469059109687805},"size":5.656997203826904,"orthographic":false}