{"cameraMode":{"drawMode":0,"name":"Shaded","section":"Shading Mode"},"sceneLighting":false,"audioPlay":false,"sceneViewState":{"m_AlwaysRefresh":false,"showFog":true,"showSkybox":false,"showFlares":true,"showImageEffects":true,"showParticleSystems":true,"showVisualEffectGraphs":true,"m_FxEnabled":true},"in2DMode":false,"pivot":{"x":-0.00237312912940979,"y":0.9597022533416748,"z":0.00022581219673156738},"rotation":{"x":0.17992770671844483,"y":0.3388558626174927,"z":-0.06617797911167145,"w":0.9211327433586121},"size":0.990962564945221,"orthographic":false}