{"cameraMode":{"drawMode":0,"name":"Shaded","section":"Shading Mode"},"sceneLighting":false,"audioPlay":false,"sceneViewState":{"m_AlwaysRefresh":false,"showFog":true,"showSkybox":false,"showFlares":true,"showImageEffects":true,"showParticleSystems":true,"showVisualEffectGraphs":true,"m_FxEnabled":true},"in2DMode":false,"pivot":{"x":-0.8777198195457459,"y":1.9076426029205323,"z":2.959956407546997},"rotation":{"x":0.06637553870677948,"y":0.9311176538467407,"z":-0.2154601365327835,"w":0.28679871559143069},"size":0.8660253882408142,"orthographic":false}