{"cameraMode":{"drawMode":0,"name":"Shaded","section":"Shading Mode"},"sceneLighting":false,"audioPlay":false,"sceneViewState":{"m_AlwaysRefresh":false,"showFog":true,"showSkybox":false,"showFlares":true,"showImageEffects":true,"showParticleSystems":true,"showVisualEffectGraphs":true,"m_FxEnabled":true},"in2DMode":false,"pivot":{"x":-1.1920928955078126e-7,"y":1.009405255317688,"z":0.0014543980360031129},"rotation":{"x":0.028343185782432557,"y":0.9650300741195679,"z":-0.11723769456148148,"w":0.2330683469772339},"size":1.0403107404708863,"orthographic":false}