{"cameraMode":{"drawMode":0,"name":"Shaded","section":"Shading Mode"},"sceneLighting":false,"audioPlay":false,"sceneViewState":{"m_AlwaysRefresh":false,"showFog":true,"showSkybox":false,"showFlares":true,"showImageEffects":true,"showParticleSystems":true,"showVisualEffectGraphs":true,"m_FxEnabled":true},"in2DMode":false,"pivot":{"x":28.25105857849121,"y":0.8579674959182739,"z":-19.354324340820314},"rotation":{"x":-0.06299404054880142,"y":-0.8769345283508301,"z":0.11933150887489319,"w":-0.46183252334594729},"size":1.6131839752197266,"orthographic":false}