{"cameraMode":{"drawMode":0,"name":"Shaded","section":"Shading Mode"},"sceneLighting":false,"audioPlay":false,"sceneViewState":{"m_AlwaysRefresh":false,"showFog":true,"showSkybox":false,"showFlares":true,"showImageEffects":true,"showParticleSystems":true,"showVisualEffectGraphs":true,"m_FxEnabled":true},"in2DMode":false,"pivot":{"x":15.776000022888184,"y":1.4220002889633179,"z":-28.670000076293947},"rotation":{"x":-0.3580721616744995,"y":0.23325328528881074,"z":-0.09292909502983093,"w":-0.8994079828262329},"size":0.8660253882408142,"orthographic":false}