{"cameraMode":{"drawMode":0,"name":"Shaded","section":"Shading Mode"},"sceneLighting":false,"audioPlay":false,"sceneViewState":{"m_AlwaysRefresh":false,"showFog":true,"showSkybox":false,"showFlares":true,"showImageEffects":true,"showParticleSystems":true,"showVisualEffectGraphs":true,"m_FxEnabled":true},"in2DMode":false,"pivot":{"x":90.60865783691406,"y":1.5546514987945557,"z":35.03501510620117},"rotation":{"x":0.5771597623825073,"y":0.012640024535357952,"z":-0.0028002175968140365,"w":0.8170199990272522},"size":2.828709840774536,"orthographic":false}