{"cameraMode":{"drawMode":0,"name":"Shaded","section":"Shading Mode"},"sceneLighting":false,"audioPlay":false,"sceneViewState":{"m_AlwaysRefresh":false,"showFog":true,"showSkybox":false,"showFlares":true,"showImageEffects":true,"showParticleSystems":true,"showVisualEffectGraphs":true,"m_FxEnabled":true},"in2DMode":false,"pivot":{"x":-1.6405454874038697,"y":2.0368313789367677,"z":0.6164758801460266},"rotation":{"x":0.17948055267333985,"y":0.7512104511260986,"z":-0.23559443652629853,"w":0.5916755199432373},"size":2.9952991008758547,"orthographic":false}