{"cameraMode":{"drawMode":0,"name":"Shaded","section":"Shading Mode"},"sceneLighting":false,"audioPlay":false,"sceneViewState":{"m_AlwaysRefresh":false,"showFog":true,"showSkybox":false,"showFlares":true,"showImageEffects":true,"showParticleSystems":true,"showVisualEffectGraphs":true,"m_FxEnabled":true},"in2DMode":false,"pivot":{"x":-2.907907247543335,"y":2.715949296951294,"z":-0.043861113488674167},"rotation":{"x":0.005676480010151863,"y":-0.7030262351036072,"z":-0.006620083469897509,"w":-0.7114923000335693},"size":0.8660253882408142,"orthographic":false}