{"cameraMode":{"drawMode":0,"name":"Shaded","section":"Shading Mode"},"sceneLighting":true,"audioPlay":false,"sceneViewState":{"m_AlwaysRefresh":false,"showFog":true,"showSkybox":true,"showFlares":true,"showImageEffects":true,"showParticleSystems":true,"showVisualEffectGraphs":true,"m_FxEnabled":true},"in2DMode":false,"pivot":{"x":28.469215393066408,"y":13.570079803466797,"z":-30.537809371948243},"rotation":{"x":0.3384181559085846,"y":-0.33343368768692019,"z":0.14843742549419404,"w":0.8681060075759888},"size":0.8660253882408142,"orthographic":false}