{"cameraMode":{"drawMode":0,"name":"Shaded","section":"Shading Mode"},"sceneLighting":true,"audioPlay":false,"sceneViewState":{"m_AlwaysRefresh":false,"showFog":true,"showSkybox":true,"showFlares":true,"showImageEffects":true,"showParticleSystems":true,"showVisualEffectGraphs":true,"m_FxEnabled":true},"in2DMode":false,"pivot":{"x":-1.7656089067459107,"y":3.7520768642425539,"z":4.498812198638916},"rotation":{"x":-0.37107664346694949,"y":-0.6288217306137085,"z":0.47694602608680727,"w":-0.48924729228019717},"size":4.373653411865234,"orthographic":false}