{"cameraMode":{"drawMode":0,"name":"Shaded","section":"Shading Mode"},"sceneLighting":true,"audioPlay":false,"sceneViewState":{"m_AlwaysRefresh":false,"showFog":true,"showSkybox":true,"showFlares":true,"showImageEffects":true,"showParticleSystems":true,"showVisualEffectGraphs":true,"m_FxEnabled":true},"in2DMode":false,"pivot":{"x":36.44464874267578,"y":-15.800653457641602,"z":-2.276041030883789},"rotation":{"x":-0.562057614326477,"y":0.022386860102415086,"z":-0.022938715294003488,"w":-0.8272615075111389},"size":17.721960067749025,"orthographic":false}