{"cameraMode":{"drawMode":0,"name":"Shaded","section":"Shading Mode"},"sceneLighting":true,"audioPlay":false,"sceneViewState":{"m_AlwaysRefresh":false,"showFog":true,"showSkybox":true,"showFlares":true,"showImageEffects":true,"showParticleSystems":true,"showVisualEffectGraphs":true,"m_FxEnabled":true},"in2DMode":false,"pivot":{"x":-1.2151049375534058,"y":3.7380194664001467,"z":-0.0890846773982048},"rotation":{"x":0.40738600492477419,"y":0.5870067477226257,"z":-0.43887418508529665,"w":0.5448694825172424},"size":1.4686765670776368,"orthographic":false}