{"cameraMode":{"drawMode":0,"name":"Shaded","section":"Shading Mode"},"sceneLighting":true,"audioPlay":false,"sceneViewState":{"m_AlwaysRefresh":false,"showFog":true,"showSkybox":true,"showFlares":true,"showImageEffects":true,"showParticleSystems":true,"showVisualEffectGraphs":true,"m_FxEnabled":true},"in2DMode":false,"pivot":{"x":0.035700321197509769,"y":0.21648740768432618,"z":-2.7091569900512697},"rotation":{"x":-0.4042898714542389,"y":0.18268969655036927,"z":-0.08266771584749222,"w":-0.8922872543334961},"size":4.097997188568115,"orthographic":false}