{"cameraMode":{"drawMode":0,"name":"Shaded","section":"Shading Mode"},"sceneLighting":true,"audioPlay":false,"sceneViewState":{"m_AlwaysRefresh":false,"showFog":true,"showSkybox":true,"showFlares":true,"showImageEffects":true,"showParticleSystems":true,"showVisualEffectGraphs":true,"m_FxEnabled":true},"in2DMode":false,"pivot":{"x":14.574202537536621,"y":-10.070099830627442,"z":11.497386932373047},"rotation":{"x":0.3736363351345062,"y":-0.07629621028900147,"z":0.04521467164158821,"w":0.9238933324813843},"size":12.036844253540039,"orthographic":false}