{"cameraMode":{"drawMode":0,"name":"Shaded","section":"Shading Mode"},"sceneLighting":true,"audioPlay":false,"sceneViewState":{"m_AlwaysRefresh":false,"showFog":true,"showSkybox":true,"showFlares":true,"showImageEffects":true,"showParticleSystems":true,"showVisualEffectGraphs":true,"m_FxEnabled":true},"in2DMode":false,"pivot":{"x":-1.4634878635406495,"y":1.1388895511627198,"z":-1.459559440612793},"rotation":{"x":-0.05305460840463638,"y":-0.5199874043464661,"z":0.03277208283543587,"w":-0.8518198132514954},"size":0.8660253882408142,"orthographic":false}