{"cameraMode":{"drawMode":0,"name":"Shaded","section":"Shading Mode"},"sceneLighting":true,"audioPlay":false,"sceneViewState":{"m_AlwaysRefresh":false,"showFog":true,"showSkybox":true,"showFlares":true,"showImageEffects":true,"showParticleSystems":true,"showVisualEffectGraphs":true,"m_FxEnabled":true},"in2DMode":false,"pivot":{"x":54.23528289794922,"y":15.288884162902832,"z":10.533401489257813},"rotation":{"x":-0.3265305757522583,"y":-0.37366798520088198,"z":0.13642705976963044,"w":-0.8580633401870728},"size":0.5342845320701599,"orthographic":false}