{"cameraMode":{"drawMode":0,"name":"Shaded","section":"Shading Mode"},"sceneLighting":true,"audioPlay":false,"sceneViewState":{"m_AlwaysRefresh":false,"showFog":true,"showSkybox":true,"showFlares":true,"showImageEffects":true,"showParticleSystems":true,"showVisualEffectGraphs":true,"m_FxEnabled":true},"in2DMode":false,"pivot":{"x":-0.29296138882637026,"y":-5.495571136474609,"z":5.701236724853516},"rotation":{"x":0.40341684222221377,"y":0.03212754428386688,"z":-0.014128811657428742,"w":0.9143819212913513},"size":8.777982711791993,"orthographic":false}