{"cameraMode":{"drawMode":0,"name":"Shaded","section":"Shading Mode"},"sceneLighting":true,"audioPlay":false,"sceneViewState":{"m_AlwaysRefresh":false,"showFog":true,"showSkybox":true,"showFlares":true,"showImageEffects":true,"showParticleSystems":true,"showVisualEffectGraphs":true,"m_FxEnabled":true},"in2DMode":false,"pivot":{"x":17.772663116455079,"y":10.355514526367188,"z":-14.4478759765625},"rotation":{"x":0.2531478703022003,"y":-0.38667601346969607,"z":0.11209100484848023,"w":0.8798495531082153},"size":0.8660253882408142,"orthographic":false}