{"cameraMode":{"drawMode":0,"name":"Shaded","section":"Shading Mode"},"sceneLighting":true,"audioPlay":false,"sceneViewState":{"m_AlwaysRefresh":false,"showFog":true,"showSkybox":true,"showFlares":true,"showImageEffects":true,"showParticleSystems":true,"showVisualEffectGraphs":true,"m_FxEnabled":true},"in2DMode":false,"pivot":{"x":-9.611973762512207,"y":0.6006839871406555,"z":2.4198293685913088},"rotation":{"x":-0.23423326015472413,"y":-0.4334609806537628,"z":0.10888563096523285,"w":-0.8641901612281799},"size":0.5937578082084656,"orthographic":false}