{"cameraMode":{"drawMode":0,"name":"Shaded","section":"Shading Mode"},"sceneLighting":true,"audioPlay":false,"sceneViewState":{"m_AlwaysRefresh":false,"showFog":true,"showSkybox":true,"showFlares":true,"showImageEffects":true,"showParticleSystems":true,"showVisualEffectGraphs":true,"m_FxEnabled":true},"in2DMode":false,"pivot":{"x":46.61517333984375,"y":10.190091133117676,"z":-19.2869930267334},"rotation":{"x":0.23547832667827607,"y":0.19200660288333894,"z":-0.042820628732442859,"w":0.9524668455123901},"size":0.49946048855781557,"orthographic":false}