{"cameraMode":{"drawMode":0,"name":"Shaded","section":"Shading Mode"},"sceneLighting":true,"audioPlay":false,"sceneViewState":{"m_AlwaysRefresh":false,"showFog":true,"showSkybox":true,"showFlares":true,"showImageEffects":true,"showParticleSystems":true,"showVisualEffectGraphs":true,"m_FxEnabled":true},"in2DMode":false,"pivot":{"x":86.26604461669922,"y":16.30096435546875,"z":-45.20956039428711},"rotation":{"x":-0.49697959423065188,"y":0.32349634170532229,"z":-0.20692121982574464,"w":-0.7781050205230713},"size":0.35338982939720156,"orthographic":false}