{"cameraMode":{"drawMode":0,"name":"Shaded","section":"Shading Mode"},"sceneLighting":true,"audioPlay":false,"sceneViewState":{"m_AlwaysRefresh":false,"showFog":true,"showSkybox":true,"showFlares":true,"showImageEffects":true,"showParticleSystems":true,"showVisualEffectGraphs":true,"m_FxEnabled":true},"in2DMode":false,"pivot":{"x":-5.31856107711792,"y":1.8957631587982178,"z":1.25071120262146},"rotation":{"x":-0.45049747824668887,"y":-0.011222295463085175,"z":0.005709627643227577,"w":-0.8925988674163818},"size":4.1768388748168949,"orthographic":false}