{"cameraMode":{"drawMode":0,"name":"Shaded","section":"Shading Mode"},"sceneLighting":true,"audioPlay":false,"sceneViewState":{"m_AlwaysRefresh":false,"showFog":true,"showSkybox":true,"showFlares":true,"showImageEffects":true,"showParticleSystems":true,"showVisualEffectGraphs":true,"m_FxEnabled":true},"in2DMode":false,"pivot":{"x":3.2022411823272707,"y":-5.60236930847168,"z":5.4382758140563969},"rotation":{"x":0.4333692193031311,"y":0.031697697937488559,"z":-0.015081673860549927,"w":0.9005745649337769},"size":9.185812950134278,"orthographic":false}