{"cameraMode":{"drawMode":0,"name":"Shaded","section":"Shading Mode"},"sceneLighting":true,"audioPlay":false,"sceneViewState":{"m_AlwaysRefresh":false,"showFog":true,"showSkybox":true,"showFlares":true,"showImageEffects":true,"showParticleSystems":true,"showVisualEffectGraphs":true,"m_FxEnabled":true},"in2DMode":false,"pivot":{"x":23.952512741088868,"y":53.45058059692383,"z":-52.23194122314453},"rotation":{"x":0.4430040121078491,"y":-0.01615850441157818,"z":0.012126948684453965,"w":0.8966110348701477},"size":0.2693405747413635,"orthographic":false}