{"cameraMode":{"drawMode":0,"name":"Shaded","section":"Shading Mode"},"sceneLighting":true,"audioPlay":false,"sceneViewState":{"m_AlwaysRefresh":false,"showFog":true,"showSkybox":true,"showFlares":true,"showImageEffects":true,"showParticleSystems":true,"showVisualEffectGraphs":true,"m_FxEnabled":true},"in2DMode":false,"pivot":{"x":-2.0813350677490236,"y":15.189417839050293,"z":-71.06587219238281},"rotation":{"x":-0.2799888253211975,"y":0.30942657589912417,"z":-0.10357625782489777,"w":-0.9032870531082153},"size":1.0316059589385987,"orthographic":false}