{"cameraMode":{"drawMode":0,"name":"Shaded","section":"Shading Mode"},"sceneLighting":true,"audioPlay":false,"sceneViewState":{"m_AlwaysRefresh":false,"showFog":true,"showSkybox":true,"showFlares":true,"showImageEffects":true,"showParticleSystems":true,"showVisualEffectGraphs":true,"m_FxEnabled":true},"in2DMode":false,"pivot":{"x":-10.314152717590332,"y":1.1328015327453614,"z":-7.324967384338379},"rotation":{"x":-0.2832714319229126,"y":-0.2321278154850006,"z":0.062380701303482059,"w":-0.9292062520980835},"size":0.5937578082084656,"orthographic":false}