{"cameraMode":{"drawMode":0,"name":"Shaded","section":"Shading Mode"},"sceneLighting":true,"audioPlay":false,"sceneViewState":{"m_AlwaysRefresh":false,"showFog":true,"showSkybox":true,"showFlares":true,"showImageEffects":true,"showParticleSystems":true,"showVisualEffectGraphs":true,"m_FxEnabled":true},"in2DMode":false,"pivot":{"x":2.562979221343994,"y":6.037925720214844,"z":-5.910378932952881},"rotation":{"x":-0.23466573655605317,"y":-0.29646846652030947,"z":0.07519399374723435,"w":-0.9226716756820679},"size":0.32230034470558169,"orthographic":false}