{"cameraMode":{"drawMode":0,"name":"Shaded","section":"Shading Mode"},"sceneLighting":true,"audioPlay":false,"sceneViewState":{"m_AlwaysRefresh":false,"showFog":true,"showSkybox":true,"showFlares":true,"showImageEffects":true,"showParticleSystems":true,"showVisualEffectGraphs":true,"m_FxEnabled":true},"in2DMode":false,"pivot":{"x":1.4002981185913087,"y":13.501075744628907,"z":-14.983793258666993},"rotation":{"x":-0.3527909517288208,"y":0.07184582948684693,"z":-0.04418683052062988,"w":-0.9325807094573975},"size":0.8847159147262573,"orthographic":false}