{"cameraMode":{"drawMode":0,"name":"Shaded","section":"Shading Mode"},"sceneLighting":true,"audioPlay":false,"sceneViewState":{"m_AlwaysRefresh":false,"showFog":true,"showSkybox":true,"showFlares":true,"showImageEffects":true,"showParticleSystems":true,"showVisualEffectGraphs":true,"m_FxEnabled":true},"in2DMode":false,"pivot":{"x":25.045330047607423,"y":16.550809860229493,"z":-18.161178588867189},"rotation":{"x":0.37272265553474429,"y":0.12241005152463913,"z":-0.04073714092373848,"w":0.9197021722793579},"size":2.828444719314575,"orthographic":false}