{"cameraMode":{"drawMode":0,"name":"Shaded","section":"Shading Mode"},"sceneLighting":true,"audioPlay":false,"sceneViewState":{"m_AlwaysRefresh":false,"showFog":true,"showSkybox":true,"showFlares":true,"showImageEffects":true,"showParticleSystems":true,"showVisualEffectGraphs":true,"m_FxEnabled":true},"in2DMode":false,"pivot":{"x":43.15592956542969,"y":10.258047103881836,"z":-11.639270782470704},"rotation":{"x":0.1797882616519928,"y":-0.692757785320282,"z":0.18511734902858735,"w":0.6735827326774597},"size":0.49935635924339297,"orthographic":false}