{"cameraMode":{"drawMode":0,"name":"Shaded","section":"Shading Mode"},"sceneLighting":true,"audioPlay":false,"sceneViewState":{"m_AlwaysRefresh":false,"showFog":true,"showSkybox":true,"showFlares":true,"showImageEffects":true,"showParticleSystems":true,"showVisualEffectGraphs":true,"m_FxEnabled":true},"in2DMode":false,"pivot":{"x":0.11724398285150528,"y":0.014496694318950177,"z":0.4744744896888733},"rotation":{"x":-0.5501265525817871,"y":-0.2102387398481369,"z":0.14554566144943238,"w":-0.7948815822601318},"size":4.1768388748168949,"orthographic":false}