{"cameraMode":{"drawMode":0,"name":"Shaded","section":"Shading Mode"},"sceneLighting":false,"audioPlay":false,"sceneViewState":{"m_AlwaysRefresh":false,"showFog":true,"showSkybox":false,"showFlares":true,"showImageEffects":true,"showParticleSystems":true,"showVisualEffectGraphs":true,"m_FxEnabled":true},"in2DMode":false,"pivot":{"x":0.1714477241039276,"y":0.7358946204185486,"z":-0.2050134539604187},"rotation":{"x":-0.02996562048792839,"y":0.30766597390174868,"z":0.009694826789200306,"w":0.9509755969047546},"size":0.7566987872123718,"orthographic":false}