{"cameraMode":{"drawMode":0,"name":"Shaded","section":"Shading Mode"},"sceneLighting":false,"audioPlay":false,"sceneViewState":{"m_AlwaysRefresh":false,"showFog":true,"showSkybox":false,"showFlares":true,"showImageEffects":true,"showParticleSystems":true,"showVisualEffectGraphs":true,"m_FxEnabled":true},"in2DMode":false,"pivot":{"x":-0.1437806338071823,"y":-0.10921216011047363,"z":0.5366219282150269},"rotation":{"x":-0.18921999633312226,"y":-0.7381503582000732,"z":0.2307358682155609,"w":-0.6051435470581055},"size":0.8660253882408142,"orthographic":false}