{"cameraMode":{"drawMode":0,"name":"Shaded","section":"Shading Mode"},"sceneLighting":true,"audioPlay":false,"sceneViewState":{"m_AlwaysRefresh":false,"showFog":true,"showSkybox":true,"showFlares":true,"showImageEffects":true,"showParticleSystems":true,"showVisualEffectGraphs":true,"m_FxEnabled":true},"in2DMode":false,"pivot":{"x":-53.790225982666019,"y":-11.595661163330079,"z":12.19238567352295},"rotation":{"x":-0.03796810284256935,"y":-0.9127662181854248,"z":0.39817309379577639,"w":-0.08788448572158814},"size":10.449999809265137,"orthographic":false}