{"cameraMode":{"drawMode":0,"name":"Shaded","section":"Shading Mode"},"sceneLighting":false,"audioPlay":false,"sceneViewState":{"m_AlwaysRefresh":false,"showFog":true,"showSkybox":false,"showFlares":true,"showImageEffects":true,"showParticleSystems":true,"showVisualEffectGraphs":true,"m_FxEnabled":true},"in2DMode":false,"pivot":{"x":2.091965913772583,"y":0.7902644276618958,"z":-23.205656051635743},"rotation":{"x":0.08621370792388916,"y":0.3027951121330261,"z":-0.025461461395025255,"w":0.9490973353385925},"size":1.2714228630065919,"orthographic":false}