{"cameraMode":{"drawMode":0,"name":"Shaded","section":"Shading Mode"},"sceneLighting":false,"audioPlay":false,"sceneViewState":{"m_AlwaysRefresh":false,"showFog":true,"showSkybox":false,"showFlares":true,"showImageEffects":true,"showParticleSystems":true,"showVisualEffectGraphs":true,"m_FxEnabled":true},"in2DMode":false,"pivot":{"x":2.133460283279419,"y":0.5248229503631592,"z":-23.06373405456543},"rotation":{"x":0.18785548210144044,"y":-0.013241995126008988,"z":0.004495720379054546,"w":0.9823781251907349},"size":1.2714228630065919,"orthographic":false}