{"cameraMode":{"drawMode":0,"name":"Shaded","section":"Shading Mode"},"sceneLighting":false,"audioPlay":false,"sceneViewState":{"m_AlwaysRefresh":false,"showFog":true,"showSkybox":false,"showFlares":true,"showImageEffects":true,"showParticleSystems":true,"showVisualEffectGraphs":true,"m_FxEnabled":true},"in2DMode":false,"pivot":{"x":-12.453887939453125,"y":0.38723939657211306,"z":-40.1008186340332},"rotation":{"x":0.7044978141784668,"y":-0.005048058927059174,"z":0.012045752257108689,"w":0.7101506590843201},"size":5.65699577331543,"orthographic":false}