{"cameraMode":{"drawMode":0,"name":"Shaded","section":"Shading Mode"},"sceneLighting":false,"audioPlay":false,"sceneViewState":{"m_AlwaysRefresh":false,"showFog":true,"showSkybox":false,"showFlares":true,"showImageEffects":true,"showParticleSystems":true,"showVisualEffectGraphs":true,"m_FxEnabled":true},"in2DMode":false,"pivot":{"x":1.0052999258041382,"y":0.3876577615737915,"z":-18.416671752929689},"rotation":{"x":0.10528507083654404,"y":0.7051475048065186,"z":-0.10398934036493302,"w":0.6938603520393372},"size":0.8270977735519409,"orthographic":false}