{"cameraMode":{"drawMode":0,"name":"Shaded","section":"Shading Mode"},"sceneLighting":true,"audioPlay":false,"sceneViewState":{"m_AlwaysRefresh":false,"showFog":true,"showSkybox":true,"showFlares":true,"showImageEffects":true,"showParticleSystems":true,"showVisualEffectGraphs":true,"m_FxEnabled":true},"in2DMode":false,"pivot":{"x":3.6006152629852297,"y":8.280887603759766,"z":-48.78505325317383},"rotation":{"x":0.33690202236175539,"y":0.031937312334775928,"z":-0.011474265716969967,"w":0.940993070602417},"size":0.2965690493583679,"orthographic":false}