{"cameraMode":{"drawMode":0,"name":"Shaded","section":"Shading Mode"},"sceneLighting":true,"audioPlay":false,"sceneViewState":{"m_AlwaysRefresh":false,"showFog":true,"showSkybox":true,"showFlares":true,"showImageEffects":true,"showParticleSystems":true,"showVisualEffectGraphs":true,"m_FxEnabled":true},"in2DMode":false,"pivot":{"x":-7.450080871582031,"y":-4.1941633224487309,"z":-14.37063217163086},"rotation":{"x":-0.050526607781648639,"y":0.9410229325294495,"z":-0.21386317908763886,"w":-0.26524198055267336},"size":19.841691970825197,"orthographic":false}