{"cameraMode":{"drawMode":0,"name":"Shaded","section":"Shading Mode"},"sceneLighting":true,"audioPlay":false,"sceneViewState":{"m_AlwaysRefresh":false,"showFog":true,"showSkybox":true,"showFlares":true,"showImageEffects":true,"showParticleSystems":true,"showVisualEffectGraphs":true,"m_FxEnabled":true},"in2DMode":false,"pivot":{"x":74.83634185791016,"y":-178.7945556640625,"z":-237.34222412109376},"rotation":{"x":0.009652955457568169,"y":-0.9115790724754334,"z":0.41242271661758425,"w":0.025659993290901185},"size":132.79124450683595,"orthographic":false}