{"cameraMode":{"drawMode":0,"name":"Shaded","section":"Shading Mode"},"sceneLighting":true,"audioPlay":false,"sceneViewState":{"m_AlwaysRefresh":false,"showFog":true,"showSkybox":true,"showFlares":true,"showImageEffects":true,"showParticleSystems":true,"showVisualEffectGraphs":true,"m_FxEnabled":true},"in2DMode":false,"pivot":{"x":95.56917572021485,"y":14.567424774169922,"z":-106.80764770507813},"rotation":{"x":-0.15825329720973969,"y":0.17145542800426484,"z":-0.028035113587975503,"w":-0.9721449017524719},"size":3.033903121948242,"orthographic":false}