{"cameraMode":{"drawMode":0,"name":"Shaded","section":"Shading Mode"},"sceneLighting":true,"audioPlay":false,"sceneViewState":{"m_AlwaysRefresh":false,"showFog":true,"showSkybox":true,"showFlares":true,"showImageEffects":true,"showParticleSystems":true,"showVisualEffectGraphs":true,"m_FxEnabled":true},"in2DMode":false,"pivot":{"x":2.1602981090545656,"y":3.109037160873413,"z":-5.408642768859863},"rotation":{"x":0.09675302356481552,"y":0.0036313680466264488,"z":-0.00017535098595544696,"w":0.9954121708869934},"size":2.90325665473938,"orthographic":false}