{"cameraMode":{"drawMode":0,"name":"Shaded","section":"Shading Mode"},"sceneLighting":true,"audioPlay":false,"sceneViewState":{"m_AlwaysRefresh":false,"showFog":true,"showSkybox":true,"showFlares":true,"showImageEffects":true,"showParticleSystems":true,"showVisualEffectGraphs":true,"m_FxEnabled":true},"in2DMode":false,"pivot":{"x":-20.52030372619629,"y":45.639320373535159,"z":47.919830322265628},"rotation":{"x":0.6198946237564087,"y":-0.003770597744733095,"z":0.005425566341727972,"w":0.7850466370582581},"size":6.097181797027588,"orthographic":false}