{"cameraMode":{"drawMode":0,"name":"Shaded","section":"Shading Mode"},"sceneLighting":false,"audioPlay":false,"sceneViewState":{"m_AlwaysRefresh":false,"showFog":true,"showSkybox":true,"showFlares":true,"showImageEffects":true,"showParticleSystems":true,"showVisualEffectGraphs":true,"m_FxEnabled":true},"in2DMode":false,"pivot":{"x":128.79061889648438,"y":24.29572296142578,"z":122.75514221191406},"rotation":{"x":-0.2938106954097748,"y":-0.04327533766627312,"z":0.013368862681090832,"w":-0.9548853635787964},"size":6.331422805786133,"orthographic":false}