{"cameraMode":{"drawMode":0,"name":"Shaded","section":"Shading Mode"},"sceneLighting":true,"audioPlay":false,"sceneViewState":{"m_AlwaysRefresh":false,"showFog":true,"showSkybox":true,"showFlares":true,"showImageEffects":true,"showParticleSystems":true,"showVisualEffectGraphs":true,"m_FxEnabled":true},"in2DMode":false,"pivot":{"x":-14.733843803405762,"y":74.7984848022461,"z":18.497745513916017},"rotation":{"x":0.5842365026473999,"y":0.019197868183255197,"z":0.01099542435258627,"w":0.8131735324859619},"size":3.228027820587158,"orthographic":false}