{"cameraMode":{"drawMode":0,"name":"Shaded","section":"Shading Mode"},"sceneLighting":true,"audioPlay":false,"sceneViewState":{"m_AlwaysRefresh":false,"showFog":true,"showSkybox":true,"showFlares":true,"showImageEffects":true,"showParticleSystems":true,"showVisualEffectGraphs":true,"m_FxEnabled":true},"in2DMode":false,"pivot":{"x":4.415957927703857,"y":1.0225549936294556,"z":-44.80094528198242},"rotation":{"x":0.006488236598670483,"y":0.9419519901275635,"z":-0.3356494605541229,"w":0.01736343652009964},"size":1.3797476291656495,"orthographic":false}