{"cameraMode":{"drawMode":0,"name":"Shaded","section":"Shading Mode"},"sceneLighting":true,"audioPlay":false,"sceneViewState":{"m_AlwaysRefresh":false,"showFog":true,"showSkybox":true,"showFlares":true,"showImageEffects":true,"showParticleSystems":true,"showVisualEffectGraphs":true,"m_FxEnabled":true},"in2DMode":false,"pivot":{"x":0.6902618408203125,"y":-246.73406982421876,"z":34.719139099121097},"rotation":{"x":-0.46109363436698916,"y":0.5327290296554565,"z":-0.4431822896003723,"w":-0.5542553663253784},"size":357.23431396484377,"orthographic":false}