{"cameraMode":{"drawMode":0,"name":"Shaded","section":"Shading Mode"},"sceneLighting":true,"audioPlay":false,"sceneViewState":{"m_AlwaysRefresh":false,"showFog":true,"showSkybox":true,"showFlares":true,"showImageEffects":true,"showParticleSystems":true,"showVisualEffectGraphs":true,"m_FxEnabled":true},"in2DMode":false,"pivot":{"x":-8.540290832519532,"y":5.767619609832764,"z":21.749860763549806},"rotation":{"x":0.15117497742176057,"y":-0.7882005572319031,"z":0.22453434765338899,"w":0.5537090301513672},"size":14.291961669921875,"orthographic":false}