{"cameraMode":{"drawMode":0,"name":"Shaded","section":"Shading Mode"},"sceneLighting":true,"audioPlay":false,"sceneViewState":{"m_AlwaysRefresh":false,"showFog":true,"showSkybox":true,"showFlares":true,"showImageEffects":true,"showParticleSystems":true,"showVisualEffectGraphs":true,"m_FxEnabled":true},"in2DMode":false,"pivot":{"x":5.6768317222595219,"y":11.60744857788086,"z":67.37447357177735},"rotation":{"x":-0.005082632880657911,"y":-0.9865593910217285,"z":0.15826480090618134,"w":0.07281531393527985},"size":1.0319026708602906,"orthographic":false}