{"cameraMode":{"drawMode":0,"name":"Shaded","section":"Shading Mode"},"sceneLighting":true,"audioPlay":false,"sceneViewState":{"m_AlwaysRefresh":false,"showFog":true,"showSkybox":true,"showFlares":true,"showImageEffects":true,"showParticleSystems":true,"showVisualEffectGraphs":true,"m_FxEnabled":true},"in2DMode":false,"pivot":{"x":-2.2872567176818849,"y":43.381160736083987,"z":-102.12319946289063},"rotation":{"x":0.2448536455631256,"y":0.033137597143650058,"z":-0.008323585614562035,"w":0.9690175652503967},"size":0.8660253882408142,"orthographic":false}