{"cameraMode":{"drawMode":0,"name":"Shaded","section":"Shading Mode"},"sceneLighting":true,"audioPlay":false,"sceneViewState":{"m_AlwaysRefresh":false,"showFog":true,"showSkybox":true,"showFlares":true,"showImageEffects":true,"showParticleSystems":true,"showVisualEffectGraphs":true,"m_FxEnabled":true},"in2DMode":false,"pivot":{"x":-43.740081787109378,"y":10.250041961669922,"z":5.545133590698242},"rotation":{"x":0.09891901165246964,"y":-0.2868279814720154,"z":0.02982952445745468,"w":0.9524281024932861},"size":0.8660253882408142,"orthographic":false}