{"cameraMode":{"drawMode":0,"name":"Shaded","section":"Shading Mode"},"sceneLighting":true,"audioPlay":false,"sceneViewState":{"m_AlwaysRefresh":false,"showFog":true,"showSkybox":true,"showFlares":true,"showImageEffects":true,"showParticleSystems":true,"showVisualEffectGraphs":true,"m_FxEnabled":true},"in2DMode":false,"pivot":{"x":2.7308647632598879,"y":3.8775408267974855,"z":-45.64692306518555},"rotation":{"x":0.3411455750465393,"y":0.09098029136657715,"z":-0.03306291624903679,"w":0.9350897669792175},"size":0.6005203127861023,"orthographic":false}