{"cameraMode":{"drawMode":0,"name":"Shaded","section":"Shading Mode"},"sceneLighting":true,"audioPlay":false,"sceneViewState":{"m_AlwaysRefresh":false,"showFog":true,"showSkybox":true,"showFlares":true,"showImageEffects":true,"showParticleSystems":true,"showVisualEffectGraphs":true,"m_FxEnabled":true},"in2DMode":false,"pivot":{"x":-28.603710174560548,"y":2.9696950912475588,"z":62.49875259399414},"rotation":{"x":0.28862830996513369,"y":-0.43421268463134768,"z":0.14916543662548066,"w":0.8401903510093689},"size":2.0357065200805666,"orthographic":false}