{"cameraMode":{"drawMode":0,"name":"Shaded","section":"Shading Mode"},"sceneLighting":true,"audioPlay":false,"sceneViewState":{"m_AlwaysRefresh":false,"showFog":true,"showSkybox":true,"showFlares":true,"showImageEffects":true,"showParticleSystems":true,"showVisualEffectGraphs":true,"m_FxEnabled":true},"in2DMode":false,"pivot":{"x":124.37393188476563,"y":124.62193298339844,"z":24.391813278198243},"rotation":{"x":0.5922824740409851,"y":0.004835597239434719,"z":-0.0035523194819688799,"w":0.8057135939598084},"size":0.477933406829834,"orthographic":false}