{"cameraMode":{"drawMode":0,"name":"Shaded","section":"Shading Mode"},"sceneLighting":true,"audioPlay":false,"sceneViewState":{"m_AlwaysRefresh":false,"showFog":true,"showSkybox":true,"showFlares":true,"showImageEffects":true,"showParticleSystems":true,"showVisualEffectGraphs":true,"m_FxEnabled":true},"in2DMode":false,"pivot":{"x":6.842178821563721,"y":9.858072280883789,"z":-48.450294494628909},"rotation":{"x":0.3497786521911621,"y":0.006567524746060371,"z":-0.002275219652801752,"w":0.9369022250175476},"size":0.6005203127861023,"orthographic":false}