{"cameraMode":{"drawMode":0,"name":"Shaded","section":"Shading Mode"},"sceneLighting":true,"audioPlay":false,"sceneViewState":{"m_AlwaysRefresh":false,"showFog":true,"showSkybox":true,"showFlares":true,"showImageEffects":true,"showParticleSystems":true,"showVisualEffectGraphs":true,"m_FxEnabled":true},"in2DMode":false,"pivot":{"x":130.40415954589845,"y":18.778610229492189,"z":-79.41913604736328},"rotation":{"x":0.14319494366645814,"y":-0.7964380979537964,"z":0.20698145031929017,"w":0.5500432848930359},"size":15.492046356201172,"orthographic":false}