{"cameraMode":{"drawMode":0,"name":"Shaded","section":"Shading Mode"},"sceneLighting":true,"audioPlay":false,"sceneViewState":{"m_AlwaysRefresh":false,"showFog":true,"showSkybox":true,"showFlares":true,"showImageEffects":true,"showParticleSystems":true,"showVisualEffectGraphs":true,"m_FxEnabled":true},"in2DMode":false,"pivot":{"x":106.34369659423828,"y":30.903648376464845,"z":-34.82288360595703},"rotation":{"x":-0.36728835105895998,"y":0.17351898550987245,"z":-0.07150739431381226,"w":-0.9113017916679382},"size":6.097181797027588,"orthographic":false}