{"cameraMode":{"drawMode":0,"name":"Shaded","section":"Shading Mode"},"sceneLighting":true,"audioPlay":false,"sceneViewState":{"m_AlwaysRefresh":false,"showFog":true,"showSkybox":true,"showFlares":true,"showImageEffects":true,"showParticleSystems":true,"showVisualEffectGraphs":true,"m_FxEnabled":true},"in2DMode":false,"pivot":{"x":39.02949142456055,"y":7.465175151824951,"z":-6.045693874359131},"rotation":{"x":0.38327109813690188,"y":-0.20900854468345643,"z":0.09380091726779938,"w":0.8955082893371582},"size":2.9343597888946535,"orthographic":false}