{"cameraMode":{"drawMode":0,"name":"Shaded","section":"Shading Mode"},"sceneLighting":false,"audioPlay":false,"sceneViewState":{"m_AlwaysRefresh":false,"showFog":true,"showSkybox":false,"showFlares":true,"showImageEffects":true,"showParticleSystems":true,"showVisualEffectGraphs":true,"m_FxEnabled":true},"in2DMode":false,"pivot":{"x":0.13967205584049226,"y":0.9501332640647888,"z":-0.09726790338754654},"rotation":{"x":-0.01567155495285988,"y":-0.8139336109161377,"z":0.5808287262916565,"w":-0.021228808909654619},"size":1.1811203956604005,"orthographic":false}