{"cameraMode":{"drawMode":0,"name":"Shaded","section":"Shading Mode"},"sceneLighting":false,"audioPlay":false,"sceneViewState":{"m_AlwaysRefresh":false,"showFog":true,"showSkybox":false,"showFlares":true,"showImageEffects":true,"showParticleSystems":true,"showVisualEffectGraphs":true,"m_FxEnabled":true},"in2DMode":false,"pivot":{"x":-15.708648681640625,"y":0.2639884948730469,"z":-1.3164129257202149},"rotation":{"x":0.27522212266921999,"y":0.6182239055633545,"z":-0.24506549537181855,"w":0.6943030953407288},"size":0.7566993832588196,"orthographic":false}