{"cameraMode":{"drawMode":0,"name":"Shaded","section":"Shading Mode"},"sceneLighting":false,"audioPlay":false,"sceneViewState":{"m_AlwaysRefresh":false,"showFog":true,"showSkybox":false,"showFlares":true,"showImageEffects":true,"showParticleSystems":true,"showVisualEffectGraphs":true,"m_FxEnabled":true},"in2DMode":false,"pivot":{"x":0.3380912244319916,"y":2.699456214904785,"z":-0.21176818013191224},"rotation":{"x":0.5458677411079407,"y":0.029419412836432458,"z":-0.01917858049273491,"w":0.8371623754501343},"size":2.828709840774536,"orthographic":false}