{"cameraMode":{"drawMode":0,"name":"Shaded","section":"Shading Mode"},"sceneLighting":false,"audioPlay":false,"sceneViewState":{"m_AlwaysRefresh":false,"showFog":true,"showSkybox":false,"showFlares":true,"showImageEffects":true,"showParticleSystems":true,"showVisualEffectGraphs":true,"m_FxEnabled":true},"in2DMode":false,"pivot":{"x":-0.6334772706031799,"y":6.222768306732178,"z":0.2730386257171631},"rotation":{"x":-0.6663599610328674,"y":0.020809093490242959,"z":-0.021445829421281816,"w":-0.7457389831542969},"size":2.836130380630493,"orthographic":false}