{"cameraMode":{"drawMode":0,"name":"Shaded","section":"Shading Mode"},"sceneLighting":false,"audioPlay":false,"sceneViewState":{"m_AlwaysRefresh":false,"showFog":true,"showSkybox":false,"showFlares":true,"showImageEffects":true,"showParticleSystems":true,"showVisualEffectGraphs":true,"m_FxEnabled":true},"in2DMode":false,"pivot":{"x":0.5264800190925598,"y":-0.6428471207618713,"z":-4.501532554626465},"rotation":{"x":0.13811352849006654,"y":0.6217009425163269,"z":-0.11298564821481705,"w":0.7626555562019348},"size":0.8678277730941773,"orthographic":false}