{"cameraMode":{"drawMode":0,"name":"Shaded","section":"Shading Mode"},"sceneLighting":false,"audioPlay":false,"sceneViewState":{"m_AlwaysRefresh":false,"showFog":true,"showSkybox":false,"showFlares":true,"showImageEffects":true,"showParticleSystems":true,"showVisualEffectGraphs":true,"m_FxEnabled":true},"in2DMode":false,"pivot":{"x":-0.0009513795375823975,"y":0.8665146827697754,"z":0.002152792178094387},"rotation":{"x":0.3796097934246063,"y":0.38380709290504458,"z":-0.17148169875144959,"w":0.8249455094337463},"size":0.8842852115631104,"orthographic":false}