{"cameraMode":{"drawMode":0,"name":"Shaded","section":"Shading Mode"},"sceneLighting":false,"audioPlay":false,"sceneViewState":{"m_AlwaysRefresh":false,"showFog":true,"showSkybox":false,"showFlares":true,"showImageEffects":true,"showParticleSystems":true,"showVisualEffectGraphs":true,"m_FxEnabled":true},"in2DMode":false,"pivot":{"x":15.896743774414063,"y":1.7032225131988526,"z":-25.497840881347658},"rotation":{"x":-0.010472727008163929,"y":-0.989671528339386,"z":0.09712208062410355,"w":-0.10788046568632126},"size":0.8660253882408142,"orthographic":false}