{"cameraMode":{"drawMode":0,"name":"Shaded","section":"Shading Mode"},"sceneLighting":false,"audioPlay":false,"sceneViewState":{"m_AlwaysRefresh":false,"showFog":true,"showSkybox":false,"showFlares":true,"showImageEffects":true,"showParticleSystems":true,"showVisualEffectGraphs":true,"m_FxEnabled":true},"in2DMode":false,"pivot":{"x":-43.53110122680664,"y":0.9586102962493897,"z":-39.12356185913086},"rotation":{"x":-0.23465123772621156,"y":0.029054254293441774,"z":-0.00737006077542901,"w":-0.9715539813041687},"size":3.0135693550109865,"orthographic":false}