{"cameraMode":{"drawMode":0,"name":"Shaded","section":"Shading Mode"},"sceneLighting":false,"audioPlay":false,"sceneViewState":{"m_AlwaysRefresh":false,"showFog":true,"showSkybox":false,"showFlares":true,"showImageEffects":true,"showParticleSystems":true,"showVisualEffectGraphs":true,"m_FxEnabled":true},"in2DMode":false,"pivot":{"x":11.034893035888672,"y":-1.144344449043274,"z":-91.36090087890625},"rotation":{"x":0.2783731520175934,"y":0.028705930337309839,"z":-0.003118456806987524,"w":0.9604566097259522},"size":4.591471195220947,"orthographic":false}