{"cameraMode":{"drawMode":0,"name":"Shaded","section":"Shading Mode"},"sceneLighting":false,"audioPlay":false,"sceneViewState":{"m_AlwaysRefresh":false,"showFog":true,"showSkybox":false,"showFlares":true,"showImageEffects":true,"showParticleSystems":true,"showVisualEffectGraphs":true,"m_FxEnabled":true},"in2DMode":false,"pivot":{"x":1.998530626296997,"y":0.7308899164199829,"z":-0.23135527968406678},"rotation":{"x":0.09367816895246506,"y":0.5235040187835693,"z":-0.05697569623589516,"w":0.8454244136810303},"size":2.9403185844421388,"orthographic":false}