{"cameraMode":{"drawMode":0,"name":"Shaded","section":"Shading Mode"},"sceneLighting":false,"audioPlay":false,"sceneViewState":{"m_AlwaysRefresh":false,"showFog":true,"showSkybox":false,"showFlares":true,"showImageEffects":true,"showParticleSystems":true,"showVisualEffectGraphs":true,"m_FxEnabled":true},"in2DMode":false,"pivot":{"x":1.6178619861602784,"y":2.2644460201263429,"z":-36.70950698852539},"rotation":{"x":0.34743762016296389,"y":-0.01687760092318058,"z":0.006253798026591539,"w":0.9375284910202026},"size":4.003023624420166,"orthographic":false}