{"cameraMode":{"drawMode":0,"name":"Shaded","section":"Shading Mode"},"sceneLighting":false,"audioPlay":false,"sceneViewState":{"m_AlwaysRefresh":false,"showFog":true,"showSkybox":false,"showFlares":true,"showImageEffects":true,"showParticleSystems":true,"showVisualEffectGraphs":true,"m_FxEnabled":true},"in2DMode":false,"pivot":{"x":5.631595134735107,"y":0.58631432056427,"z":-40.92499542236328},"rotation":{"x":0.6851657032966614,"y":-0.0017264822963625193,"z":0.0016311748186126352,"w":0.7284144759178162},"size":3.3181204795837404,"orthographic":false}