{"cameraMode":{"drawMode":0,"name":"Shaded","section":"Shading Mode"},"sceneLighting":false,"audioPlay":false,"sceneViewState":{"m_AlwaysRefresh":false,"showFog":true,"showSkybox":false,"showFlares":true,"showImageEffects":true,"showParticleSystems":true,"showVisualEffectGraphs":true,"m_FxEnabled":true},"in2DMode":false,"pivot":{"x":-34.974647521972659,"y":-0.48917484283447268,"z":-41.34980010986328},"rotation":{"x":0.5258577466011047,"y":0.008942990563809872,"z":0.00032357595046050847,"w":0.8509994745254517},"size":2.828709840774536,"orthographic":false}