{"cameraMode":{"drawMode":0,"name":"Shaded","section":"Shading Mode"},"sceneLighting":false,"audioPlay":false,"sceneViewState":{"m_AlwaysRefresh":false,"showFog":true,"showSkybox":false,"showFlares":true,"showImageEffects":true,"showParticleSystems":true,"showVisualEffectGraphs":true,"m_FxEnabled":true},"in2DMode":false,"pivot":{"x":9.3100004196167,"y":0.03999999910593033,"z":20.989999771118165},"rotation":{"x":0.399672269821167,"y":0.010186797007918358,"z":0.0010047535179182888,"w":0.9170388579368591},"size":4.472314834594727,"orthographic":false}