{"cameraMode":{"drawMode":0,"name":"Shaded","section":"Shading Mode"},"sceneLighting":false,"audioPlay":false,"sceneViewState":{"m_AlwaysRefresh":false,"showFog":true,"showSkybox":false,"showFlares":true,"showImageEffects":true,"showParticleSystems":true,"showVisualEffectGraphs":true,"m_FxEnabled":true},"in2DMode":false,"pivot":{"x":-43.751548767089847,"y":-0.8923677206039429,"z":-28.035364151000978},"rotation":{"x":0.23575004935264588,"y":-0.17556308209896089,"z":0.048683084547519687,"w":0.9550060033798218},"size":4.591470241546631,"orthographic":false}