{"cameraMode":{"drawMode":0,"name":"Shaded","section":"Shading Mode"},"sceneLighting":false,"audioPlay":false,"sceneViewState":{"m_AlwaysRefresh":false,"showFog":true,"showSkybox":false,"showFlares":true,"showImageEffects":true,"showParticleSystems":true,"showVisualEffectGraphs":true,"m_FxEnabled":true},"in2DMode":false,"pivot":{"x":-9.029999732971192,"y":0.009999999776482582,"z":-26.600000381469728},"rotation":{"x":-0.5748699307441711,"y":0.029339341446757318,"z":-0.02040984109044075,"w":-0.8174362182617188},"size":1.4142489433288575,"orthographic":false}