{"cameraMode":{"drawMode":0,"name":"Shaded","section":"Shading Mode"},"sceneLighting":false,"audioPlay":false,"sceneViewState":{"m_AlwaysRefresh":false,"showFog":true,"showSkybox":false,"showFlares":true,"showImageEffects":true,"showParticleSystems":true,"showVisualEffectGraphs":true,"m_FxEnabled":true},"in2DMode":false,"pivot":{"x":-0.17289555072784425,"y":0.32560425996780398,"z":0.03778541088104248},"rotation":{"x":0.002541117835789919,"y":0.5315216183662415,"z":-0.0015946001512929798,"w":0.8470404148101807},"size":0.7281099557876587,"orthographic":false}