{"cameraMode":{"drawMode":0,"name":"Shaded","section":"Shading Mode"},"sceneLighting":false,"audioPlay":false,"sceneViewState":{"m_AlwaysRefresh":false,"showFog":true,"showSkybox":false,"showFlares":true,"showImageEffects":true,"showParticleSystems":true,"showVisualEffectGraphs":true,"m_FxEnabled":true},"in2DMode":false,"pivot":{"x":0.1694115400314331,"y":0.588330864906311,"z":0.3673008680343628},"rotation":{"x":0.6726968884468079,"y":-0.013761935755610466,"z":0.012513905763626099,"w":0.739692211151123},"size":0.7281099557876587,"orthographic":false}