{"cameraMode":{"drawMode":0,"name":"Shaded","section":"Shading Mode"},"sceneLighting":false,"audioPlay":false,"sceneViewState":{"m_AlwaysRefresh":false,"showFog":true,"showSkybox":false,"showFlares":true,"showImageEffects":true,"showParticleSystems":true,"showVisualEffectGraphs":true,"m_FxEnabled":true},"in2DMode":false,"pivot":{"x":0.6677831411361694,"y":-0.280100017786026,"z":-11.656841278076172},"rotation":{"x":0.06240084394812584,"y":0.6855965852737427,"z":-0.05960596352815628,"w":0.7228460907936096},"size":0.8765021562576294,"orthographic":false}