{"cameraMode":{"drawMode":0,"name":"Shaded","section":"Shading Mode"},"sceneLighting":false,"audioPlay":false,"sceneViewState":{"m_AlwaysRefresh":false,"showFog":true,"showSkybox":false,"showFlares":true,"showImageEffects":true,"showParticleSystems":true,"showVisualEffectGraphs":true,"m_FxEnabled":true},"in2DMode":false,"pivot":{"x":-0.18880577385425569,"y":2.4364326000213625,"z":-1.7215358018875123},"rotation":{"x":0.6738483905792236,"y":-0.024639524519443513,"z":0.02242601290345192,"w":0.7382683157920837},"size":2.828709840774536,"orthographic":false}