{"cameraMode":{"drawMode":0,"name":"Shaded","section":"Shading Mode"},"sceneLighting":false,"audioPlay":false,"sceneViewState":{"m_AlwaysRefresh":false,"showFog":true,"showSkybox":false,"showFlares":true,"showImageEffects":true,"showParticleSystems":true,"showVisualEffectGraphs":true,"m_FxEnabled":true},"in2DMode":false,"pivot":{"x":0.32634130120277407,"y":7.193535327911377,"z":-2.709416389465332},"rotation":{"x":0.390552282333374,"y":-0.027551857754588128,"z":0.006682925391942263,"w":0.9212942123413086},"size":3.0135691165924074,"orthographic":false}