{"cameraMode":{"drawMode":0,"name":"Shaded","section":"Shading Mode"},"sceneLighting":false,"audioPlay":false,"sceneViewState":{"m_AlwaysRefresh":false,"showFog":true,"showSkybox":false,"showFlares":true,"showImageEffects":true,"showParticleSystems":true,"showVisualEffectGraphs":true,"m_FxEnabled":true},"in2DMode":false,"pivot":{"x":-2.236342668533325,"y":1.3041869401931763,"z":2.5484588146209719},"rotation":{"x":0.020900698378682138,"y":0.9141960740089417,"z":-0.0474819615483284,"w":0.4020155668258667},"size":0.8660253882408142,"orthographic":false}