{"cameraMode":{"drawMode":0,"name":"Shaded","section":"Shading Mode"},"sceneLighting":false,"audioPlay":false,"sceneViewState":{"m_AlwaysRefresh":false,"showFog":true,"showSkybox":false,"showFlares":true,"showImageEffects":true,"showParticleSystems":true,"showVisualEffectGraphs":true,"m_FxEnabled":true},"in2DMode":false,"pivot":{"x":0.782584547996521,"y":-1.2000582218170167,"z":0.7925838828086853},"rotation":{"x":0.20427027344703675,"y":-0.43526676297187807,"z":0.10209726542234421,"w":0.8708547949790955},"size":2.828709840774536,"orthographic":false}