{"cameraMode":{"drawMode":0,"name":"Shaded","section":"Shading Mode"},"sceneLighting":true,"audioPlay":false,"sceneViewState":{"m_AlwaysRefresh":false,"showFog":true,"showSkybox":true,"showFlares":true,"showImageEffects":true,"showParticleSystems":true,"showVisualEffectGraphs":true,"m_FxEnabled":true},"in2DMode":false,"pivot":{"x":26.370058059692384,"y":27.89493179321289,"z":-15.481575012207032},"rotation":{"x":-0.34292635321617129,"y":0.45789793133735659,"z":-0.19762539863586427,"w":-0.7963762879371643},"size":1.663241982460022,"orthographic":false}