{"cameraMode":{"drawMode":0,"name":"Shaded","section":"Shading Mode"},"sceneLighting":true,"audioPlay":false,"sceneViewState":{"m_AlwaysRefresh":false,"showFog":true,"showSkybox":true,"showFlares":true,"showImageEffects":true,"showParticleSystems":true,"showVisualEffectGraphs":true,"m_FxEnabled":true},"in2DMode":false,"pivot":{"x":-3.8579206466674806,"y":-2.4874982833862306,"z":-31.97658348083496},"rotation":{"x":0.2174733579158783,"y":-0.22978845238685609,"z":0.05807318910956383,"w":0.9476644992828369},"size":10.385430335998536,"orthographic":false}