{"cameraMode":{"drawMode":0,"name":"Shaded","section":"Shading Mode"},"sceneLighting":true,"audioPlay":false,"sceneViewState":{"m_AlwaysRefresh":false,"showFog":true,"showSkybox":true,"showFlares":true,"showImageEffects":true,"showParticleSystems":true,"showVisualEffectGraphs":true,"m_FxEnabled":true},"in2DMode":false,"pivot":{"x":40.76892852783203,"y":68.55147552490235,"z":-61.931427001953128},"rotation":{"x":-0.44860363006591799,"y":0.026287052780389787,"z":-0.013694636523723603,"w":-0.893506646156311},"size":0.8660253882408142,"orthographic":false}