{"cameraMode":{"drawMode":0,"name":"Shaded","section":"Shading Mode"},"sceneLighting":true,"audioPlay":false,"sceneViewState":{"m_AlwaysRefresh":false,"showFog":true,"showSkybox":true,"showFlares":true,"showImageEffects":true,"showParticleSystems":true,"showVisualEffectGraphs":true,"m_FxEnabled":true},"in2DMode":false,"pivot":{"x":-22.091936111450197,"y":547.8351440429688,"z":-37.737239837646487},"rotation":{"x":0.6780952215194702,"y":0.009363584220409394,"z":-0.0008800856303423643,"w":0.7361435890197754},"size":11.154419898986817,"orthographic":false}