{"cameraMode":{"drawMode":0,"name":"Shaded","section":"Shading Mode"},"sceneLighting":true,"audioPlay":false,"sceneViewState":{"m_AlwaysRefresh":false,"showFog":true,"showSkybox":true,"showFlares":true,"showImageEffects":true,"showParticleSystems":true,"showVisualEffectGraphs":true,"m_FxEnabled":true},"in2DMode":false,"pivot":{"x":10.570959091186524,"y":137.65704345703126,"z":-45.488609313964847},"rotation":{"x":0.4989510476589203,"y":-0.014324987307190895,"z":0.012212077155709267,"w":0.8669159412384033},"size":1.325122594833374,"orthographic":false}