{"cameraMode":{"drawMode":0,"name":"Shaded","section":"Shading Mode"},"sceneLighting":true,"audioPlay":false,"sceneViewState":{"m_AlwaysRefresh":false,"showFog":true,"showSkybox":true,"showFlares":true,"showImageEffects":true,"showParticleSystems":true,"showVisualEffectGraphs":true,"m_FxEnabled":true},"in2DMode":false,"pivot":{"x":179.39117431640626,"y":0.13740110397338868,"z":196.11476135253907},"rotation":{"x":-0.011394592933356762,"y":0.9467860460281372,"z":-0.32151156663894656,"w":-0.037974655628204349},"size":4.8268938064575199,"orthographic":false}