{"cameraMode":{"drawMode":0,"name":"Shaded","section":"Shading Mode"},"sceneLighting":true,"audioPlay":false,"sceneViewState":{"m_AlwaysRefresh":false,"showFog":true,"showSkybox":true,"showFlares":true,"showImageEffects":true,"showParticleSystems":true,"showVisualEffectGraphs":true,"m_FxEnabled":true},"in2DMode":false,"pivot":{"x":21.79963493347168,"y":1.2573699951171876,"z":-45.93160629272461},"rotation":{"x":0.03490231931209564,"y":-0.9541507959365845,"z":0.26061341166496279,"w":0.14834506809711457},"size":0.5105150938034058,"orthographic":false}