{"cameraMode":{"drawMode":0,"name":"Shaded","section":"Shading Mode"},"sceneLighting":true,"audioPlay":false,"sceneViewState":{"m_AlwaysRefresh":false,"showFog":true,"showSkybox":true,"showFlares":true,"showImageEffects":true,"showParticleSystems":true,"showVisualEffectGraphs":true,"m_FxEnabled":true},"in2DMode":false,"pivot":{"x":-16.99901580810547,"y":6.126496315002441,"z":-31.049800872802736},"rotation":{"x":0.33278748393058779,"y":0.23038432002067567,"z":-0.08421071618795395,"w":0.9105623364448547},"size":1.4195486307144166,"orthographic":false}