{"cameraMode":{"drawMode":0,"name":"Shaded","section":"Shading Mode"},"sceneLighting":true,"audioPlay":false,"sceneViewState":{"m_AlwaysRefresh":false,"showFog":true,"showSkybox":true,"showFlares":true,"showImageEffects":true,"showParticleSystems":true,"showVisualEffectGraphs":true,"m_FxEnabled":true},"in2DMode":false,"pivot":{"x":-17.54532814025879,"y":492.04241943359377,"z":-186.27940368652345},"rotation":{"x":0.5922992825508118,"y":0.022712180390954019,"z":-0.009606386534869671,"w":0.8064616322517395},"size":3.464101552963257,"orthographic":false}