{"cameraMode":{"drawMode":0,"name":"Shaded","section":"Shading Mode"},"sceneLighting":true,"audioPlay":false,"sceneViewState":{"m_AlwaysRefresh":false,"showFog":true,"showSkybox":true,"showFlares":true,"showImageEffects":true,"showParticleSystems":true,"showVisualEffectGraphs":true,"m_FxEnabled":true},"in2DMode":false,"pivot":{"x":-11.046104431152344,"y":180.80784606933595,"z":-18.658004760742189},"rotation":{"x":-0.6618573665618897,"y":-0.021000832319259645,"z":0.017023762688040735,"w":-0.7495516538619995},"size":5.720698356628418,"orthographic":false}