{"cameraMode":{"drawMode":0,"name":"Shaded","section":"Shading Mode"},"sceneLighting":true,"audioPlay":false,"sceneViewState":{"m_AlwaysRefresh":false,"showFog":true,"showSkybox":true,"showFlares":true,"showImageEffects":true,"showParticleSystems":true,"showVisualEffectGraphs":true,"m_FxEnabled":true},"in2DMode":false,"pivot":{"x":24.788707733154298,"y":-0.4586883783340454,"z":-4.861049175262451},"rotation":{"x":0.026374317705631257,"y":-0.9726318120956421,"z":0.13687990605831147,"w":0.1873031109571457},"size":1.663241982460022,"orthographic":false}