{"cameraMode":{"drawMode":0,"name":"Shaded","section":"Shading Mode"},"sceneLighting":true,"audioPlay":false,"sceneViewState":{"m_AlwaysRefresh":false,"showFog":true,"showSkybox":true,"showFlares":true,"showImageEffects":true,"showParticleSystems":true,"showVisualEffectGraphs":true,"m_FxEnabled":true},"in2DMode":false,"pivot":{"x":-3.9957728385925295,"y":7.712121486663818,"z":-7.295744895935059},"rotation":{"x":-0.2528652548789978,"y":-0.17200373113155366,"z":0.045495666563510898,"w":-0.9511223435401917},"size":0.8136413097381592,"orthographic":false}