{"cameraMode":{"drawMode":0,"name":"Shaded","section":"Shading Mode"},"sceneLighting":true,"audioPlay":false,"sceneViewState":{"m_AlwaysRefresh":false,"showFog":true,"showSkybox":true,"showFlares":true,"showImageEffects":true,"showParticleSystems":true,"showVisualEffectGraphs":true,"m_FxEnabled":true},"in2DMode":false,"pivot":{"x":-72.92420959472656,"y":222.40435791015626,"z":-32.48118209838867},"rotation":{"x":0.6130083799362183,"y":0.03924325481057167,"z":-0.026994038373231889,"w":0.7891373634338379},"size":0.9457213878631592,"orthographic":false}