{"cameraMode":{"drawMode":0,"name":"Shaded","section":"Shading Mode"},"sceneLighting":false,"audioPlay":false,"sceneViewState":{"m_AlwaysRefresh":false,"showFog":true,"showSkybox":false,"showFlares":true,"showImageEffects":true,"showParticleSystems":true,"showVisualEffectGraphs":true,"m_FxEnabled":true},"in2DMode":false,"pivot":{"x":13.941174507141114,"y":0.18043118715286256,"z":-88.8185806274414},"rotation":{"x":0.18764790892601014,"y":-0.03154728561639786,"z":0.011121740564703942,"w":0.9820770621299744},"size":2.879513740539551,"orthographic":false}