{"cameraMode":{"drawMode":0,"name":"Shaded","section":"Shading Mode"},"sceneLighting":false,"audioPlay":false,"sceneViewState":{"m_AlwaysRefresh":false,"showFog":true,"showSkybox":false,"showFlares":true,"showImageEffects":true,"showParticleSystems":true,"showVisualEffectGraphs":true,"m_FxEnabled":true},"in2DMode":false,"pivot":{"x":-15.01418685913086,"y":1.3712799549102784,"z":-1.3688528537750245},"rotation":{"x":0.4638932943344116,"y":0.5319408774375916,"z":-0.45510533452033999,"w":0.5428755283355713},"size":0.48923686146736147,"orthographic":false}