{"cameraMode":{"drawMode":0,"name":"Shaded","section":"Shading Mode"},"sceneLighting":false,"audioPlay":false,"sceneViewState":{"m_AlwaysRefresh":false,"showFog":true,"showSkybox":false,"showFlares":true,"showImageEffects":true,"showParticleSystems":true,"showVisualEffectGraphs":true,"m_FxEnabled":true},"in2DMode":false,"pivot":{"x":-15.629654884338379,"y":0.7339796423912048,"z":-1.2173172235488892},"rotation":{"x":0.6302594542503357,"y":-0.004861831199377775,"z":0.003557454328984022,"w":0.7763563990592957},"size":0.48923686146736147,"orthographic":false}