{"cameraMode":{"drawMode":0,"name":"Shaded","section":"Shading Mode"},"sceneLighting":false,"audioPlay":false,"sceneViewState":{"m_AlwaysRefresh":false,"showFog":true,"showSkybox":false,"showFlares":true,"showImageEffects":true,"showParticleSystems":true,"showVisualEffectGraphs":true,"m_FxEnabled":true},"in2DMode":false,"pivot":{"x":-16.668739318847658,"y":0.7082722783088684,"z":-2.0064146518707277},"rotation":{"x":0.10038788616657257,"y":0.1249740943312645,"z":-0.013019026257097721,"w":0.9869817495346069},"size":0.7241109609603882,"orthographic":false}