{"cameraMode":{"drawMode":0,"name":"Shaded","section":"Shading Mode"},"sceneLighting":false,"audioPlay":false,"sceneViewState":{"m_AlwaysRefresh":false,"showFog":true,"showSkybox":false,"showFlares":true,"showImageEffects":true,"showParticleSystems":true,"showVisualEffectGraphs":true,"m_FxEnabled":true},"in2DMode":false,"pivot":{"x":-1.4901161193847657e-8,"y":1.0523488521575928,"z":0.0017846599221229554},"rotation":{"x":0.028343185782432557,"y":0.9650300741195679,"z":-0.11723769456148148,"w":0.2330683469772339},"size":1.082037329673767,"orthographic":false}